1,https://upload.wikimedia.org/wikipedia/commons/thumb/b/b6/Gilbert_Stuart_Williamstown_Portrait_of_George_Washington.jpg/500px-Gilbert_Stuart_Williamstown_Portrait_of_George_Washington.jpg
2,https://upload.wikimedia.org/wikipedia/commons/thumb/d/df/Official_Presidential_portrait_of_John_Adams_%28by_John_Trumbull%2C_circa_1792%29.jpg/440px-Official_Presidential_portrait_of_John_Adams_%28by_John_Trumbull%2C_circa_1792%29.jpg
3,https://upload.wikimedia.org/wikipedia/commons/thumb/0/07/Official_Presidential_portrait_of_Thomas_Jefferson_%28by_Rembrandt_Peale%2C_1800%29.jpg/440px-Official_Presidential_portrait_of_Thomas_Jefferson_%28by_Rembrandt_Peale%2C_1800%29.jpg
4,https://upload.wikimedia.org/wikipedia/commons/thumb/1/1d/James_Madison.jpg/440px-James_Madison.jpg
5,https://upload.wikimedia.org/wikipedia/commons/thumb/9/95/James_Monroe_White_House_portrait_1819.gif/440px-James_Monroe_White_House_portrait_1819.gif
6,https://upload.wikimedia.org/wikipedia/commons/thumb/5/51/JQA_Photo.tif/lossy-page1-220px-JQA_Photo.tif.jpg
7,https://upload.wikimedia.org/wikipedia/commons/thumb/6/64/Andrew_Jackson.jpg/440px-Andrew_Jackson.jpg
8,https://upload.wikimedia.org/wikipedia/commons/thumb/1/1f/Martin_Van_Buren_by_Mathew_Brady_c1855-58.jpg/440px-Martin_Van_Buren_by_Mathew_Brady_c1855-58.jpg
9,https://upload.wikimedia.org/wikipedia/commons/thumb/c/c5/William_Henry_Harrison_daguerreotype_edit.jpg/440px-William_Henry_Harrison_daguerreotype_edit.jpg
10,http://www.millercenter.org/images/entry/large/e9c11a6c27184fb924880b91be53e4c3.jpg
11,https://upload.wikimedia.org/wikipedia/commons/thumb/b/b1/James_Knox_Polk_by_GPA_Healy%2C_1858.jpg/440px-James_Knox_Polk_by_GPA_Healy%2C_1858.jpg
12,https://upload.wikimedia.org/wikipedia/commons/thumb/a/a6/Zachary_Taylor_restored_and_cropped.png/440px-Zachary_Taylor_restored_and_cropped.png
13,https://upload.wikimedia.org/wikipedia/commons/thumb/d/dd/Millard_Fillmore_by_Brady_Studio_1855-65-crop.jpg/440px-Millard_Fillmore_by_Brady_Studio_1855-65-crop.jpg
14,https://upload.wikimedia.org/wikipedia/commons/thumb/4/46/Mathew_Brady_-_Franklin_Pierce_-_alternate_crop.jpg/440px-Mathew_Brady_-_Franklin_Pierce_-_alternate_crop.jpg
15,https://upload.wikimedia.org/wikipedia/commons/thumb/6/62/Hon._James_Buchanan_-_NARA_-_528318-crop.jpg/440px-Hon._James_Buchanan_-_NARA_-_528318-crop.jpg
16,https://upload.wikimedia.org/wikipedia/commons/thumb/1/1b/Abraham_Lincoln_November_1863.jpg/440px-Abraham_Lincoln_November_1863.jpg
17,https://upload.wikimedia.org/wikipedia/commons/thumb/c/ce/President_Andrew_Johnson.jpg/440px-President_Andrew_Johnson.jpg
18,https://upload.wikimedia.org/wikipedia/commons/thumb/d/d7/Ulysses_Grant_1870-1880.jpg/440px-Ulysses_Grant_1870-1880.jpg
19,https://upload.wikimedia.org/wikipedia/commons/thumb/5/50/President_Rutherford_Hayes_1870_-_1880_Restored.jpg/440px-President_Rutherford_Hayes_1870_-_1880_Restored.jpg
20,https://upload.wikimedia.org/wikipedia/commons/thumb/1/1f/James_Abram_Garfield%2C_photo_portrait_seated.jpg/440px-James_Abram_Garfield%2C_photo_portrait_seated.jpg
21,https://upload.wikimedia.org/wikipedia/commons/thumb/4/48/20_Chester_Arthur_3x4.jpg/440px-20_Chester_Arthur_3x4.jpg
22,https://upload.wikimedia.org/wikipedia/commons/thumb/5/55/StephenGroverCleveland.png/440px-StephenGroverCleveland.png
23,https://upload.wikimedia.org/wikipedia/commons/thumb/7/7e/Pach_Brothers_-_Benjamin_Harrison.jpg/440px-Pach_Brothers_-_Benjamin_Harrison.jpg
24,https://upload.wikimedia.org/wikipedia/commons/thumb/5/55/StephenGroverCleveland.png/440px-StephenGroverCleveland.png
25,https://upload.wikimedia.org/wikipedia/commons/thumb/a/a9/William_McKinley_by_Courtney_Art_Studio%2C_1896.jpg/440px-William_McKinley_by_Courtney_Art_Studio%2C_1896.jpg
26,https://upload.wikimedia.org/wikipedia/commons/thumb/1/19/President_Theodore_Roosevelt%2C_1904.jpg/440px-President_Theodore_Roosevelt%2C_1904.jpg
27,https://upload.wikimedia.org/wikipedia/commons/thumb/9/9b/William_Howard_Taft_1909.jpg/440px-William_Howard_Taft_1909.jpg
28,https://upload.wikimedia.org/wikipedia/commons/thumb/7/70/President_Wilson_1919.jpg/440px-President_Wilson_1919.jpg
29,https://upload.wikimedia.org/wikipedia/commons/thumb/c/c4/Warren_G_Harding-Harris_%26_Ewing.jpg/440px-Warren_G_Harding-Harris_%26_Ewing.jpg
30,https://upload.wikimedia.org/wikipedia/commons/thumb/7/78/Calvin_Coolidge_cph.3g10777.jpg/440px-Calvin_Coolidge_cph.3g10777.jpg
31,https://upload.wikimedia.org/wikipedia/commons/thumb/3/3f/President_Hoover_portrait.tif/lossy-page1-440px-President_Hoover_portrait.tif.jpg
32,https://upload.wikimedia.org/wikipedia/commons/thumb/3/30/FDR_1944_Color_Portrait.tif/lossy-page1-440px-FDR_1944_Color_Portrait.tif.jpg
33,https://upload.wikimedia.org/wikipedia/commons/thumb/1/18/Harry_S._Truman_-_NARA_-_530677.tif/lossy-page1-440px-Harry_S._Truman_-_NARA_-_530677.tif.jpg
34,https://upload.wikimedia.org/wikipedia/commons/thumb/5/52/President_Eisenhower_Portrait_1959.tif/lossy-page1-440px-President_Eisenhower_Portrait_1959.tif.jpg
35,https://upload.wikimedia.org/wikipedia/commons/thumb/1/1e/JFK_White_House_portrait_looking_up_lighting_corrected.jpg/440px-JFK_White_House_portrait_looking_up_lighting_corrected.jpg
36,https://upload.wikimedia.org/wikipedia/commons/thumb/2/2f/Lyndon_B._Johnson_Oval_Office_Portrait.tif/lossy-page1-440px-Lyndon_B._Johnson_Oval_Office_Portrait.tif.jpg
37,https://upload.wikimedia.org/wikipedia/commons/thumb/9/98/Richard_M._Nixon%2C_ca._1935_-_1982_-_NARA_-_530679.tif/lossy-page1-440px-Richard_M._Nixon%2C_ca._1935_-_1982_-_NARA_-_530679.tif.jpg
38,https://upload.wikimedia.org/wikipedia/commons/thumb/d/d0/Gerald_Ford_-_NARA_-_530680.tif/lossy-page1-440px-Gerald_Ford_-_NARA_-_530680.tif.jpg
39,https://upload.wikimedia.org/wikipedia/commons/thumb/5/5a/JimmyCarterPortrait2.jpg/440px-JimmyCarterPortrait2.jpg
40,https://upload.wikimedia.org/wikipedia/commons/thumb/1/16/Official_Portrait_of_President_Reagan_1981.jpg/440px-Official_Portrait_of_President_Reagan_1981.jpg
41,https://upload.wikimedia.org/wikipedia/commons/thumb/0/0f/George_H._W._Bush%2C_President_of_the_United_States%2C_1989_official_portrait.jpg/440px-George_H._W._Bush%2C_President_of_the_United_States%2C_1989_official_portrait.jpg
42,https://upload.wikimedia.org/wikipedia/commons/thumb/4/49/44_Bill_Clinton_3x4.jpg/440px-44_Bill_Clinton_3x4.jpg
43,https://upload.wikimedia.org/wikipedia/commons/thumb/d/d4/George-W-Bush.jpeg/440px-George-W-Bush.jpeg
44,https://upload.wikimedia.org/wikipedia/commons/thumb/8/8d/President_Barack_Obama.jpg/440px-President_Barack_Obama.jpg
